id,timestamp,closes,prediction,status
f69e559d,2026-10-05T18:41:47+00:00,83622.43;83553.85;84853.1;84497.21;84763.58;86480.3;85446.61,85539.22,ok
d6942a01,2026-10-05T18:41:47+00:00,1.0;2.0;3.0,,erro_modelo
b55daeaa,2026-10-05T18:41:52+00:00,83622.43;83553.85;84853.1;84497.21;84763.58;86480.3;85446.61,,modelo_indisponivel
5f45fa24,2026-10-05T18:42:35+00:00,83622.43;83553.85;84853.1;84497.21;84763.58;86480.3;85446.61,85539.22,ok
533a19fe,2026-10-05T18:42:50+00:00,67622.43;83553.85;84853.1;84497.21;84763.58;86480.3;85446.61,85222.53,ok
0293c038,2026-10-05T18:42:55+00:00,67667.43;83553.85;84853.1;84497.21;84763.58;86480.3;85446.61,85223.42,ok
0df75e8b,2026-10-05T18:42:59+00:00,67667.43;83553.85;84853.1;84445.21;84763.58;86480.3;85446.61,85222.69,ok
15f71197,2026-10-05T18:43:06+00:00,67667.43;83553.85;84853.1;84445.21;84763.58;86480.3;72146.61,72390.59,ok
2de6f37f,2026-10-05T18:58:12+00:00,83622.43;83553.85;84853.1;84497.21;84763.58;86480.3;85446.61,85539.22,ok
5d389ecd,2026-10-05T18:58:26+00:00,83622.43;83553.85;84853.1;84497.21;84763.58;86480.3,,erro_modelo
